{
    "root_group": {
        "groups": {},
        "checks": {
                "submit 201": {
                    "passes": 202,
                    "fails": 0,
                    "name": "submit 201",
                    "path": "::submit 201",
                    "id": "f54ebc34e686695b5238e8aca2c47587"
                }
            },
        "name": "",
        "path": "",
        "id": "d41d8cd98f00b204e9800998ecf8427e"
    },
    "metrics": {
        "http_req_duration{expected_response:true}": {
            "p(90)": 638.2703,
            "p(95)": 679.3593,
            "p(99)": 768.7691360000001,
            "avg": 371.173289063668,
            "min": 11.052,
            "med": 416.327,
            "max": 1093.5383
        },
        "http_req_failed": {
            "passes": 0,
            "fails": 4005,
            "value": 0
        },
        "http_req_sending": {
            "med": 0,
            "max": 1.007,
            "p(90)": 0,
            "p(95)": 0,
            "p(99)": 0,
            "avg": 0.003525168539325842,
            "min": 0
        },
        "vus_max": {
            "value": 159,
            "min": 120,
            "max": 159
        },
        "http_req_waiting": {
            "avg": 371.12569952559056,
            "min": 11.052,
            "med": 416.327,
            "max": 1093.5383,
            "p(90)": 638.2703,
            "p(95)": 679.3593,
            "p(99)": 768.7691360000001
        },
        "http_req_tls_handshaking": {
            "p(95)": 0,
            "p(99)": 0,
            "avg": 0,
            "min": 0,
            "med": 0,
            "max": 0,
            "p(90)": 0
        },
        "checks": {
            "passes": 202,
            "fails": 0,
            "value": 1
        },
        "http_req_receiving": {
            "avg": 0.04406436953807741,
            "min": 0,
            "med": 0,
            "max": 4.5882,
            "p(90)": 0,
            "p(95)": 0.5115999999999997,
            "p(99)": 0.7089
        },
        "iterations": {
            "count": 56,
            "rate": 1.3973222171160908
        },
        "http_req_blocked": {
            "max": 10.6179,
            "p(90)": 0,
            "p(95)": 0,
            "p(99)": 0.5346839999999999,
            "avg": 0.02229300873907616,
            "min": 0,
            "med": 0
        },
        "http_reqs": {
            "count": 4005,
            "rate": 99.93349070624899
        },
        "data_sent": {
            "count": 535490,
            "rate": 13361.644179348134
        },
        "http_req_duration": {
            "avg": 371.173289063668,
            "min": 11.052,
            "med": 416.327,
            "max": 1093.5383,
            "p(90)": 638.2703,
            "p(95)": 679.3593,
            "p(99)": 768.7691360000001
        },
        "http_req_connecting": {
            "p(99)": 0.53218,
            "avg": 0.018330611735330835,
            "min": 0,
            "med": 0,
            "max": 1.1426,
            "p(90)": 0,
            "p(95)": 0
        },
        "vus": {
            "value": 146,
            "min": 0,
            "max": 158
        },
        "dropped_iterations": {
            "count": 39,
            "rate": 0.9731351154915633
        },
        "data_received": {
            "count": 3215319,
            "rate": 80229.22631813379
        },
        "iteration_duration": {
            "avg": 15122.26827321429,
            "min": 2602.6523,
            "med": 14074.56065,
            "max": 27909.4769,
            "p(90)": 26339.8859,
            "p(95)": 27370.03065,
            "p(99)": 27839.565355000002
        }
    },
    "setup_data": {
        "tenantId": "4a32a4bc-4c47-442f-9d28-7d96895cc08e"
    }
}