{
    "root_group": {
        "checks": {
            "submit 201": {
                "name": "submit 201",
                "path": "::submit 201",
                "id": "f54ebc34e686695b5238e8aca2c47587",
                "passes": 232,
                "fails": 1
            }
        },
        "name": "",
        "path": "",
        "id": "d41d8cd98f00b204e9800998ecf8427e",
        "groups": {}
    },
    "metrics": {
        "iterations": {
            "count": 121,
            "rate": 3.0214255855502183
        },
        "http_req_waiting": {
            "p(90)": 551.9132400000001,
            "p(95)": 609.347,
            "p(99)": 793.9521,
            "avg": 278.3702904591695,
            "min": 5.9087,
            "med": 288.2306,
            "max": 1105.0698
        },
        "vus": {
            "value": 112,
            "min": 0,
            "max": 128
        },
        "http_req_sending": {
            "p(90)": 0,
            "p(95)": 0,
            "p(99)": 0,
            "avg": 0.0038889744294748414,
            "min": 0,
            "med": 0,
            "max": 0.8038
        },
        "data_received": {
            "count": 2943932,
            "rate": 73511.33443735557
        },
        "iteration_duration": {
            "avg": 10906.868258677692,
            "min": 7.7123,
            "med": 11102.2641,
            "max": 19617.2462,
            "p(90)": 17756.2698,
            "p(95)": 18884.7764,
            "p(99)": 19425.6842
        },
        "http_req_blocked": {
            "min": 0,
            "med": 0,
            "max": 10.5441,
            "p(90)": 0,
            "p(95)": 0,
            "p(99)": 0.5455679999999998,
            "avg": 0.028470442672532306
        },
        "http_req_connecting": {
            "med": 0,
            "max": 1.2212,
            "p(90)": 0,
            "p(95)": 0,
            "p(99)": 0.5381199999999999,
            "avg": 0.024548144074786907,
            "min": 0
        },
        "vus_max": {
            "value": 128,
            "min": 120,
            "max": 128
        },
        "http_req_failed": {
            "passes": 1,
            "fails": 3636,
            "value": 0.00027495188342040145
        },
        "http_req_receiving": {
            "p(95)": 0.5126599999999999,
            "p(99)": 0.6103479999999999,
            "avg": 0.04391432499312622,
            "min": 0,
            "med": 0,
            "max": 9.9494,
            "p(90)": 0
        },
        "http_req_tls_handshaking": {
            "max": 0,
            "p(90)": 0,
            "p(95)": 0,
            "p(99)": 0,
            "avg": 0,
            "min": 0,
            "med": 0
        },
        "http_req_duration{expected_response:true}": {
            "p(90)": 553.22015,
            "p(95)": 609.347,
            "p(99)": 793.9521,
            "avg": 278.4927170517049,
            "min": 5.9087,
            "med": 288.24064999999996,
            "max": 1105.0698
        },
        "dropped_iterations": {
            "count": 8,
            "rate": 0.19976367507770038
        },
        "http_req_duration": {
            "max": 1105.0698,
            "p(90)": 553.19526,
            "p(95)": 609.347,
            "p(99)": 793.9521,
            "avg": 278.418093758592,
            "min": 5.9087,
            "med": 288.2306
        },
        "http_reqs": {
            "count": 3637,
            "rate": 90.81756078219954
        },
        "checks": {
            "passes": 232,
            "fails": 1,
            "value": 0.9957081545064378
        },
        "data_sent": {
            "count": 492357,
            "rate": 12294.380471278915
        }
    },
    "setup_data": {
        "tenantId": "c12a2cb2-28d0-40f9-92f5-89ebd2126b1f"
    }
}