{
    "root_group": {
        "id": "d41d8cd98f00b204e9800998ecf8427e",
        "groups": {},
        "checks": {
                "submit 201": {
                    "name": "submit 201",
                    "path": "::submit 201",
                    "id": "f54ebc34e686695b5238e8aca2c47587",
                    "passes": 240,
                    "fails": 0
                }
            },
        "name": "",
        "path": ""
    },
    "metrics": {
        "http_req_tls_handshaking": {
            "avg": 0,
            "min": 0,
            "med": 0,
            "max": 0,
            "p(90)": 0,
            "p(95)": 0,
            "p(99)": 0
        },
        "http_req_duration": {
            "avg": 117.10152036697278,
            "min": 10.0639,
            "med": 101.3668,
            "max": 468.2013,
            "p(90)": 252.95628,
            "p(95)": 297.16794499999986,
            "p(99)": 342.973306
        },
        "iterations": {
            "count": 180,
            "rate": 4.494667997827517
        },
        "vus_max": {
            "value": 120,
            "min": 120,
            "max": 120
        },
        "http_reqs": {
            "count": 3270,
            "rate": 81.65313529386657
        },
        "http_req_receiving": {
            "med": 0,
            "max": 2.5204,
            "p(90)": 0,
            "p(95)": 0.5269199999999998,
            "p(99)": 0.7791,
            "avg": 0.049465993883792095,
            "min": 0
        },
        "iteration_duration": {
            "min": 2618.2456,
            "med": 7712.8412499999995,
            "max": 13032.5445,
            "p(90)": 11849.22034,
            "p(95)": 12300.39461,
            "p(99)": 12943.244604000001,
            "avg": 7701.564406666666
        },
        "http_req_duration{expected_response:true}": {
            "max": 468.2013,
            "p(90)": 252.95628,
            "p(95)": 297.16794499999986,
            "p(99)": 342.973306,
            "avg": 117.10152036697278,
            "min": 10.0639,
            "med": 101.3668
        },
        "http_req_waiting": {
            "med": 101.0856,
            "max": 468.2013,
            "p(90)": 252.92407,
            "p(95)": 297.16794499999986,
            "p(99)": 342.1646,
            "avg": 117.04867168195746,
            "min": 10.0639
        },
        "data_received": {
            "count": 2679098,
            "rate": 66898.08913135392
        },
        "http_req_sending": {
            "avg": 0.0033826911314984716,
            "min": 0,
            "med": 0,
            "max": 0.8052,
            "p(90)": 0,
            "p(95)": 0,
            "p(99)": 0
        },
        "http_req_failed": {
            "passes": 0,
            "fails": 3270,
            "value": 0
        },
        "checks": {
            "passes": 240,
            "fails": 0,
            "value": 1
        },
        "http_req_connecting": {
            "min": 0,
            "med": 0,
            "max": 1.2146,
            "p(90)": 0,
            "p(95)": 0.5139649999999999,
            "p(99)": 0.552496,
            "avg": 0.03428743119266055
        },
        "http_req_blocked": {
            "max": 12.7248,
            "p(90)": 0,
            "p(95)": 0.5173099999999999,
            "p(99)": 0.5992989999999998,
            "avg": 0.04063137614678898,
            "min": 0,
            "med": 0
        },
        "data_sent": {
            "count": 447164,
            "rate": 11165.854003225244
        },
        "vus": {
            "value": 60,
            "min": 0,
            "max": 91
        }
    },
    "setup_data": {
        "tenantId": "d7f503df-87f9-452a-85ed-2e12ae721a2b"
    }
}