{
    "root_group": {
        "id": "d41d8cd98f00b204e9800998ecf8427e",
        "groups": {},
        "checks": {
                "submit 201": {
                    "id": "f54ebc34e686695b5238e8aca2c47587",
                    "passes": 241,
                    "fails": 0,
                    "name": "submit 201",
                    "path": "::submit 201"
                }
            },
        "name": "",
        "path": ""
    },
    "metrics": {
        "http_req_duration": {
            "p(90)": 30.95576,
            "p(95)": 34.63201999999999,
            "p(99)": 43.655139999999996,
            "avg": 21.758036780045384,
            "min": 6.2808,
            "med": 19.6624,
            "max": 92.4107
        },
        "http_req_sending": {
            "p(90)": 0,
            "p(95)": 0,
            "p(99)": 0,
            "avg": 0.0032192290249433105,
            "min": 0,
            "med": 0,
            "max": 0.8004
        },
        "http_req_failed": {
            "passes": 0,
            "fails": 2205,
            "value": 0
        },
        "vus_max": {
            "value": 120,
            "min": 120,
            "max": 120
        },
        "http_req_blocked": {
            "avg": 0.05515945578231294,
            "min": 0,
            "med": 0,
            "max": 10.0005,
            "p(90)": 0,
            "p(95)": 0.52272,
            "p(99)": 0.5924600000000001
        },
        "data_sent": {
            "count": 321275,
            "rate": 8024.986471987242
        },
        "vus": {
            "value": 6,
            "min": 0,
            "max": 44
        },
        "iterations": {
            "count": 236,
            "rate": 5.8949398720379405
        },
        "data_received": {
            "count": 1857575,
            "rate": 46399.546325427444
        },
        "http_req_connecting": {
            "p(99)": 0.5741480000000001,
            "avg": 0.049310748299319744,
            "min": 0,
            "med": 0,
            "max": 1.1417,
            "p(90)": 0,
            "p(95)": 0.52188
        },
        "http_req_duration{expected_response:true}": {
            "med": 19.6624,
            "max": 92.4107,
            "p(90)": 30.95576,
            "p(95)": 34.63201999999999,
            "p(99)": 43.655139999999996,
            "avg": 21.758036780045384,
            "min": 6.2808
        },
        "iteration_duration": {
            "max": 6308.03,
            "p(90)": 5749.70125,
            "p(95)": 5795.185799999999,
            "p(99)": 6133.206995000002,
            "avg": 4259.157593220339,
            "min": 2091.3385,
            "med": 4188.801799999999
        },
        "checks": {
            "passes": 241,
            "fails": 0,
            "value": 1
        },
        "http_req_tls_handshaking": {
            "avg": 0,
            "min": 0,
            "med": 0,
            "max": 0,
            "p(90)": 0,
            "p(95)": 0,
            "p(99)": 0
        },
        "http_req_waiting": {
            "p(99)": 43.655139999999996,
            "avg": 21.701104988662163,
            "min": 6.2808,
            "med": 19.5791,
            "max": 92.4107,
            "p(90)": 30.93628,
            "p(95)": 34.42169999999997
        },
        "http_req_receiving": {
            "med": 0,
            "max": 3.292,
            "p(90)": 0,
            "p(95)": 0.52786,
            "p(99)": 0.7374520000000024,
            "avg": 0.05371256235827665,
            "min": 0
        },
        "http_reqs": {
            "count": 2205,
            "rate": 55.07772210950703
        }
    },
    "setup_data": {
        "tenantId": "640ea639-4715-4b91-8eb3-ef83dc84caf8"
    }
}