{
    "metrics": {
        "iterations": {
            "count": 241,
            "rate": 6.3156103801317665
        },
        "http_req_duration{expected_response:true}": {
            "p(95)": 30.87956,
            "p(99)": 37.139413999999995,
            "avg": 19.52257316439245,
            "min": 8.0106,
            "med": 17.5408,
            "max": 56.89,
            "p(90)": 27.81838
        },
        "http_req_tls_handshaking": {
            "p(99)": 0,
            "avg": 0,
            "min": 0,
            "med": 0,
            "max": 0,
            "p(90)": 0,
            "p(95)": 0
        },
        "http_req_receiving": {
            "p(99)": 1.006724,
            "avg": 0.050190773229369684,
            "min": 0,
            "med": 0,
            "max": 8.5117,
            "p(90)": 0,
            "p(95)": 0.51832
        },
        "http_reqs": {
            "count": 1539,
            "rate": 40.33080653536427
        },
        "data_received": {
            "count": 1328024,
            "rate": 34802.0006616768
        },
        "checks": {
            "passes": 241,
            "fails": 0,
            "value": 1
        },
        "iteration_duration": {
            "avg": 2818.16152987552,
            "min": 2094.0936,
            "med": 2634.279,
            "max": 3190.5198,
            "p(90)": 3140.483,
            "p(95)": 3150.2848,
            "p(99)": 3161.52138
        },
        "vus_max": {
            "max": 120,
            "value": 120,
            "min": 120
        },
        "http_req_waiting": {
            "p(95)": 30.828429999999997,
            "p(99)": 37.07110999999999,
            "avg": 19.46605646523716,
            "min": 6.3894,
            "med": 17.5104,
            "max": 56.89,
            "p(90)": 27.80678
        },
        "data_sent": {
            "count": 242687,
            "rate": 6359.819652792689
        },
        "vus": {
            "max": 25,
            "value": 2,
            "min": 0
        },
        "http_req_blocked": {
            "p(95)": 0.52903,
            "p(99)": 0.6485299999999993,
            "avg": 0.07498895386614683,
            "min": 0,
            "med": 0,
            "max": 10.5156,
            "p(90)": 0.5107400000000001
        },
        "http_req_failed": {
            "passes": 0,
            "fails": 1539,
            "value": 0
        },
        "http_req_duration": {
            "max": 56.89,
            "p(90)": 27.81838,
            "p(95)": 30.87956,
            "p(99)": 37.139413999999995,
            "avg": 19.52257316439245,
            "min": 8.0106,
            "med": 17.5408
        },
        "http_req_connecting": {
            "avg": 0.06716497725795974,
            "min": 0,
            "med": 0,
            "max": 1.1127,
            "p(90)": 0.5101600000000001,
            "p(95)": 0.52765,
            "p(99)": 0.5922699999999985
        },
        "http_req_sending": {
            "avg": 0.006325925925925926,
            "min": 0,
            "med": 0,
            "max": 2.0464,
            "p(90)": 0,
            "p(95)": 0,
            "p(99)": 0.2304539999999594
        }
    },
    "setup_data": {
        "tenantId": "e17e6066-f890-48b9-95b4-a549b9ba3192"
    },
    "root_group": {
        "name": "",
        "path": "",
        "id": "d41d8cd98f00b204e9800998ecf8427e",
        "groups": {},
        "checks": {
                "submit 201": {
                    "passes": 241,
                    "fails": 0,
                    "name": "submit 201",
                    "path": "::submit 201",
                    "id": "f54ebc34e686695b5238e8aca2c47587"
                }
            }
    }
}