{
    "metrics": {
        "http_req_failed": {
            "passes": 0,
            "fails": 1543,
            "value": 0
        },
        "http_req_receiving": {
            "min": 0,
            "med": 0,
            "max": 6.5146,
            "p(90)": 0,
            "p(95)": 0.5144099999999998,
            "p(99)": 0.7336659999999979,
            "avg": 0.044797537265068035
        },
        "data_received": {
            "rate": 35233.043676499765,
            "count": 1331493
        },
        "data_sent": {
            "count": 243159,
            "rate": 6434.304699562076
        },
        "checks": {
            "passes": 241,
            "fails": 0,
            "value": 1
        },
        "http_req_duration{expected_response:true}": {
            "avg": 18.569875891121193,
            "min": 6.1367,
            "med": 16.9398,
            "max": 58.6368,
            "p(90)": 26.423199999999998,
            "p(95)": 28.22414,
            "p(99)": 32.65667
        },
        "iteration_duration": {
            "p(99)": 3146.66482,
            "avg": 2820.6989925311195,
            "min": 2093.2098,
            "med": 2621.9127,
            "max": 3175.8063,
            "p(90)": 3135.1588,
            "p(95)": 3138.9482
        },
        "http_req_tls_handshaking": {
            "avg": 0,
            "min": 0,
            "med": 0,
            "max": 0,
            "p(90)": 0,
            "p(95)": 0,
            "p(99)": 0
        },
        "http_req_waiting": {
            "p(95)": 28.19373,
            "p(99)": 32.56892599999999,
            "avg": 18.51750492546988,
            "min": 6.1367,
            "med": 16.9158,
            "max": 58.1078,
            "p(90)": 26.423199999999998
        },
        "vus": {
            "value": 7,
            "min": 0,
            "max": 25
        },
        "http_req_sending": {
            "avg": 0.007573428386260531,
            "min": 0,
            "med": 0,
            "max": 0.8488,
            "p(90)": 0,
            "p(95)": 0,
            "p(99)": 0.5041
        },
        "http_req_connecting": {
            "avg": 0.06092955281918339,
            "min": 0,
            "med": 0,
            "max": 0.8956,
            "p(90)": 0.467259999999999,
            "p(95)": 0.5261499999999999,
            "p(99)": 0.5655259999999996
        },
        "vus_max": {
            "value": 120,
            "min": 120,
            "max": 120
        },
        "http_req_duration": {
            "max": 58.6368,
            "p(90)": 26.423199999999998,
            "p(95)": 28.22414,
            "p(99)": 32.65667,
            "avg": 18.569875891121193,
            "min": 6.1367,
            "med": 16.9398
        },
        "iterations": {
            "count": 241,
            "rate": 6.377174739962165
        },
        "http_reqs": {
            "rate": 40.829795119342826,
            "count": 1543
        },
        "http_req_blocked": {
            "avg": 0.06963253402462735,
            "min": 0,
            "med": 0,
            "max": 11.676,
            "p(90)": 0.50412,
            "p(95)": 0.5269,
            "p(99)": 0.5817959999999999
        }
    },
    "setup_data": {
        "tenantId": "dacd0280-3331-44e8-8c24-4fa27f47e4c9"
    },
    "root_group": {
        "name": "",
        "path": "",
        "id": "d41d8cd98f00b204e9800998ecf8427e",
        "groups": {},
        "checks": {
                "submit 201": {
                    "name": "submit 201",
                    "path": "::submit 201",
                    "id": "f54ebc34e686695b5238e8aca2c47587",
                    "passes": 241,
                    "fails": 0
                }
            }
    }
}