{
    "root_group": {
        "checks": {
            "submit 201": {
                "path": "::submit 201",
                "id": "f54ebc34e686695b5238e8aca2c47587",
                "passes": 240,
                "fails": 0,
                "name": "submit 201"
            }
        },
        "name": "",
        "path": "",
        "id": "d41d8cd98f00b204e9800998ecf8427e",
        "groups": {}
    },
    "metrics": {
        "iteration_duration": {
            "avg": 2824.8223245833346,
            "min": 2091.3252,
            "med": 2620.4111000000003,
            "max": 3188.3623,
            "p(90)": 3133.71372,
            "p(95)": 3137.771005,
            "p(99)": 3158.764839
        },
        "http_reqs": {
            "count": 1539,
            "rate": 40.733987062742784
        },
        "http_req_sending": {
            "max": 0.7829,
            "p(90)": 0,
            "p(95)": 0,
            "p(99)": 0,
            "avg": 0.005354061078622482,
            "min": 0,
            "med": 0
        },
        "data_received": {
            "count": 1327482,
            "rate": 35135.56505134757
        },
        "http_req_blocked": {
            "avg": 0.06907199480181941,
            "min": 0,
            "med": 0,
            "max": 10.5884,
            "p(90)": 0.46948000000000195,
            "p(95)": 0.5248,
            "p(99)": 0.5937319999999996
        },
        "vus": {
            "value": 6,
            "min": 0,
            "max": 25
        },
        "http_req_connecting": {
            "med": 0,
            "max": 1.0564,
            "p(90)": 0.40978000000000103,
            "p(95)": 0.52271,
            "p(99)": 0.5782959999999999,
            "avg": 0.060851721897335974,
            "min": 0
        },
        "checks": {
            "passes": 240,
            "fails": 0,
            "value": 1
        },
        "http_req_waiting": {
            "avg": 18.361231448992854,
            "min": 7.3192,
            "med": 16.5707,
            "max": 66.4365,
            "p(90)": 26.339520000000004,
            "p(95)": 28.27138,
            "p(99)": 33.15778799999997
        },
        "http_req_duration{expected_response:true}": {
            "avg": 18.412166471734896,
            "min": 7.3192,
            "med": 16.5757,
            "max": 66.4365,
            "p(90)": 26.5277,
            "p(95)": 28.295259999999995,
            "p(99)": 33.18233599999998
        },
        "http_req_failed": {
            "fails": 1539,
            "passes": 0,
            "value": 0
        },
        "iterations": {
            "count": 240,
            "rate": 6.352278684248387
        },
        "http_req_receiving": {
            "min": 0,
            "med": 0,
            "max": 6.0544,
            "p(90)": 0,
            "p(95)": 0.5042899999999998,
            "p(99)": 1.0042119999999997,
            "avg": 0.045580961663417824
        },
        "http_req_tls_handshaking": {
            "p(90)": 0,
            "p(95)": 0,
            "p(99)": 0,
            "avg": 0,
            "min": 0,
            "med": 0,
            "max": 0
        },
        "vus_max": {
            "value": 120,
            "min": 120,
            "max": 120
        },
        "data_sent": {
            "rate": 6416.701377237806,
            "count": 242434
        },
        "http_req_duration": {
            "avg": 18.412166471734896,
            "min": 7.3192,
            "med": 16.5757,
            "max": 66.4365,
            "p(90)": 26.5277,
            "p(95)": 28.295259999999995,
            "p(99)": 33.18233599999998
        }
    },
    "setup_data": {
        "tenantId": "1279d669-71d6-4fde-a467-fffd6a1e21ed"
    }
}