{
    "metrics": {
        "checks": {
            "passes": 241,
            "fails": 0,
            "value": 1
        },
        "http_req_sending": {
            "avg": 0.005353737113402063,
            "min": 0,
            "med": 0,
            "max": 0.7891,
            "p(90)": 0,
            "p(95)": 0,
            "p(99)": 0
        },
        "data_sent": {
            "count": 244221,
            "rate": 6399.2489761892075
        },
        "http_req_duration": {
            "p(90)": 27.46681,
            "p(95)": 30.780199999999986,
            "p(99)": 41.49221200000001,
            "avg": 19.489313853092792,
            "min": 9.7041,
            "med": 17.287399999999998,
            "max": 92.7683
        },
        "http_req_waiting": {
            "avg": 19.443864046391756,
            "min": 8.4617,
            "med": 17.25865,
            "max": 92.7683,
            "p(90)": 27.339520000000004,
            "p(95)": 30.468454999999963,
            "p(99)": 41.49221200000001
        },
        "http_req_connecting": {
            "avg": 0.06451134020618558,
            "min": 0,
            "med": 0,
            "max": 1.0725,
            "p(90)": 0.50399,
            "p(95)": 0.5222,
            "p(99)": 0.578551
        },
        "http_req_failed": {
            "passes": 0,
            "fails": 1552,
            "value": 0
        },
        "vus": {
            "value": 2,
            "min": 0,
            "max": 25
        },
        "http_req_blocked": {
            "p(95)": 0.5240349999999999,
            "p(99)": 0.608283,
            "avg": 0.07222280927835052,
            "min": 0,
            "med": 0,
            "max": 10.1232,
            "p(90)": 0.50499
        },
        "http_req_tls_handshaking": {
            "p(95)": 0,
            "p(99)": 0,
            "avg": 0,
            "min": 0,
            "med": 0,
            "max": 0,
            "p(90)": 0
        },
        "vus_max": {
            "value": 120,
            "min": 120,
            "max": 120
        },
        "http_req_receiving": {
            "p(95)": 0.5088649999999993,
            "p(99)": 0.681743,
            "avg": 0.04009606958762888,
            "min": 0,
            "med": 0,
            "max": 7.4486,
            "p(90)": 0
        },
        "http_reqs": {
            "count": 1552,
            "rate": 40.66658645671605
        },
        "data_received": {
            "count": 1338438,
            "rate": 35070.6859819292
        },
        "iterations": {
            "count": 241,
            "rate": 6.3148500876730465
        },
        "http_req_duration{expected_response:true}": {
            "p(95)": 30.780199999999986,
            "p(99)": 41.49221200000001,
            "avg": 19.489313853092792,
            "min": 9.7041,
            "med": 17.287399999999998,
            "max": 92.7683,
            "p(90)": 27.46681
        },
        "iteration_duration": {
            "med": 2636.6354,
            "max": 3220.3151,
            "p(90)": 3146.229,
            "p(95)": 3150.4608,
            "p(99)": 3175.4794,
            "avg": 2845.9338385892124,
            "min": 2089.9692
        }
    },
    "setup_data": {
        "tenantId": "1acdccca-30ec-4169-a18d-4cc7169848d9"
    },
    "root_group": {
        "checks": {
            "submit 201": {
                "name": "submit 201",
                "path": "::submit 201",
                "id": "f54ebc34e686695b5238e8aca2c47587",
                "passes": 241,
                "fails": 0
            }
        },
        "name": "",
        "path": "",
        "id": "d41d8cd98f00b204e9800998ecf8427e",
        "groups": {}
    }
}