{
    "root_group": {
        "name": "",
        "path": "",
        "id": "d41d8cd98f00b204e9800998ecf8427e",
        "groups": {},
        "checks": {
                "submit 201": {
                    "name": "submit 201",
                    "path": "::submit 201",
                    "id": "f54ebc34e686695b5238e8aca2c47587",
                    "passes": 201,
                    "fails": 0
                }
            }
    },
    "metrics": {
        "data_received": {
            "rate": 56664.12267817784,
            "count": 2269003
        },
        "vus": {
            "value": 152,
            "min": 0,
            "max": 159
        },
        "iterations": {
            "rate": 1.2236837109649983,
            "count": 49
        },
        "vus_max": {
            "value": 160,
            "min": 120,
            "max": 160
        },
        "http_req_tls_handshaking": {
            "min": 0,
            "med": 0,
            "max": 0,
            "p(90)": 0,
            "p(95)": 0,
            "p(99)": 0,
            "avg": 0
        },
        "data_sent": {
            "count": 397574,
            "rate": 9928.669953126495
        },
        "checks": {
            "passes": 201,
            "fails": 0,
            "value": 1
        },
        "http_req_failed": {
            "passes": 0,
            "fails": 2753,
            "value": 0
        },
        "http_req_receiving": {
            "avg": 0.050886596440247095,
            "min": 0,
            "med": 0,
            "max": 3.0548,
            "p(90)": 0,
            "p(95)": 0.5184,
            "p(99)": 0.8787840000000042
        },
        "dropped_iterations": {
            "count": 40,
            "rate": 0.9989254783387742
        },
        "http_reqs": {
            "rate": 68.75104604666613,
            "count": 2753
        },
        "http_req_duration{expected_response:true}": {
            "p(99)": 1621.442416,
            "avg": 751.1136604794751,
            "min": 14.5579,
            "med": 804.2026,
            "max": 1921.117,
            "p(90)": 1282.0289,
            "p(95)": 1371.3567
        },
        "http_req_sending": {
            "p(99)": 0.527124,
            "avg": 0.010097094079186344,
            "min": 0,
            "med": 0,
            "max": 1.4166,
            "p(90)": 0,
            "p(95)": 0
        },
        "http_req_waiting": {
            "p(99)": 1621.087792,
            "avg": 751.0526767889554,
            "min": 14.5579,
            "med": 804.2026,
            "max": 1921.117,
            "p(90)": 1282.0289,
            "p(95)": 1371.3567
        },
        "http_req_duration": {
            "p(90)": 1282.0289,
            "p(95)": 1371.3567,
            "p(99)": 1621.442416,
            "avg": 751.1136604794751,
            "min": 14.5579,
            "med": 804.2026,
            "max": 1921.117
        },
        "http_req_connecting": {
            "med": 0,
            "max": 3.0181,
            "p(90)": 0,
            "p(95)": 0.5096600000000001,
            "p(99)": 1.016496,
            "avg": 0.04048968398111151,
            "min": 0
        },
        "http_req_blocked": {
            "max": 12.2655,
            "p(90)": 0,
            "p(95)": 0.5166,
            "p(99)": 1.052132,
            "avg": 0.04985935343261893,
            "min": 0,
            "med": 0
        },
        "iteration_duration": {
            "p(90)": 26925.3308,
            "p(95)": 27712.317519999997,
            "p(99)": 28197.17848,
            "avg": 14254.527891836735,
            "min": 2646.8216,
            "med": 13003.7638,
            "max": 28385.8636
        }
    },
    "setup_data": {
        "tenantId": "ff058628-483f-4ee4-ad3e-07691e555dc2"
    }
}