{
    "root_group": {
        "name": "",
        "path": "",
        "id": "d41d8cd98f00b204e9800998ecf8427e",
        "groups": {},
        "checks": {
                "submit 201": {
                    "fails": 0,
                    "name": "submit 201",
                    "path": "::submit 201",
                    "id": "f54ebc34e686695b5238e8aca2c47587",
                    "passes": 225
                }
            }
    },
    "metrics": {
        "iterations": {
            "count": 100,
            "rate": 2.496098815959302
        },
        "http_req_waiting": {
            "p(95)": 1598.11805,
            "p(99)": 1820.71425,
            "avg": 1026.5835221183813,
            "min": 15.3897,
            "med": 1098.932,
            "max": 2145.386,
            "p(90)": 1502.58555
        },
        "iteration_duration": {
            "med": 10963.3613,
            "max": 21782.0818,
            "p(90)": 19395.95844,
            "p(95)": 20225.75113,
            "p(99)": 21372.937669000003,
            "avg": 11346.506359,
            "min": 3203.6917
        },
        "data_sent": {
            "count": 300262,
            "rate": 7494.836226775719
        },
        "data_received": {
            "rate": 40011.61534623018,
            "count": 1602966
        },
        "http_req_receiving": {
            "min": 0,
            "med": 0,
            "max": 3.5089,
            "p(90)": 0,
            "p(95)": 0.51145,
            "p(99)": 1.0934,
            "avg": 0.05177627206645899
        },
        "vus": {
            "value": 125,
            "min": 0,
            "max": 135
        },
        "http_req_blocked": {
            "avg": 0.07888110072689514,
            "min": 0,
            "med": 0,
            "max": 12.4043,
            "p(90)": 0,
            "p(95)": 0.6291,
            "p(99)": 1.068975
        },
        "dropped_iterations": {
            "count": 16,
            "rate": 0.3993758105534883
        },
        "http_req_duration": {
            "med": 1098.932,
            "max": 2145.386,
            "p(90)": 1502.58555,
            "p(95)": 1598.11805,
            "p(99)": 1820.71425,
            "avg": 1026.647305503636,
            "min": 15.3897
        },
        "http_req_tls_handshaking": {
            "avg": 0,
            "min": 0,
            "med": 0,
            "max": 0,
            "p(90)": 0,
            "p(95)": 0,
            "p(99)": 0
        },
        "http_reqs": {
            "count": 1926,
            "rate": 48.07486319537615
        },
        "checks": {
            "passes": 225,
            "fails": 0,
            "value": 1
        },
        "http_req_sending": {
            "p(90)": 0,
            "p(95)": 0,
            "p(99)": 0.5293249999999999,
            "avg": 0.012007113187954308,
            "min": 0,
            "med": 0,
            "max": 1.5694
        },
        "http_req_failed": {
            "passes": 0,
            "fails": 1926,
            "value": 0
        },
        "http_req_duration{expected_response:true}": {
            "p(99)": 1820.71425,
            "avg": 1026.647305503636,
            "min": 15.3897,
            "med": 1098.932,
            "max": 2145.386,
            "p(90)": 1502.58555,
            "p(95)": 1598.11805
        },
        "vus_max": {
            "value": 136,
            "min": 120,
            "max": 136
        },
        "http_req_connecting": {
            "med": 0,
            "max": 4.9958,
            "p(90)": 0,
            "p(95)": 0.539875,
            "p(99)": 1.03845,
            "avg": 0.06796022845275186,
            "min": 0
        }
    },
    "setup_data": {
        "tenantId": "b4aa2a64-d857-4307-b06d-722021c7171b"
    }
}