{
    "metrics": {
        "data_received": {
            "count": 1368456,
            "rate": 34158.99898538894
        },
        "checks": {
            "passes": 222,
            "fails": 0,
            "value": 1
        },
        "http_req_duration": {
            "min": 16.1573,
            "med": 1347.7786,
            "max": 3863.0302,
            "p(90)": 2510.166850000001,
            "p(95)": 2760.3499499999984,
            "p(99)": 3535.4498849999964,
            "avg": 1390.0854447688557
        },
        "http_req_tls_handshaking": {
            "med": 0,
            "max": 0,
            "p(90)": 0,
            "p(95)": 0,
            "p(99)": 0,
            "avg": 0,
            "min": 0
        },
        "http_req_receiving": {
            "avg": 0.055790510948905116,
            "min": 0,
            "med": 0,
            "max": 4.7838,
            "p(90)": 0,
            "p(95)": 0.5234249999999999,
            "p(99)": 1.009714
        },
        "vus": {
            "value": 123,
            "min": 0,
            "max": 138
        },
        "http_req_blocked": {
            "p(90)": 0.50727,
            "p(95)": 1.0176249999999996,
            "p(99)": 1.611559999999998,
            "avg": 0.11375675182481747,
            "min": 0,
            "med": 0,
            "max": 14.0792
        },
        "http_req_waiting": {
            "avg": 1390.018148236008,
            "min": 16.1573,
            "med": 1347.7786,
            "max": 3863.0302,
            "p(90)": 2510.166850000001,
            "p(95)": 2758.9631699999986,
            "p(99)": 3535.4498849999964
        },
        "http_req_failed": {
            "passes": 0,
            "fails": 1644,
            "value": 0
        },
        "iteration_duration": {
            "min": 2521.5689,
            "med": 15364.5229,
            "max": 22365.531,
            "p(90)": 20109.804920000002,
            "p(95)": 21709.92447,
            "p(99)": 22210.244217999996,
            "avg": 13483.23053030303
        },
        "http_req_sending": {
            "med": 0,
            "max": 1.5248,
            "p(90)": 0,
            "p(95)": 0,
            "p(99)": 0.5274119999999999,
            "avg": 0.011506021897810217,
            "min": 0
        },
        "data_sent": {
            "count": 262512,
            "rate": 6552.747871800352
        },
        "iterations": {
            "count": 99,
            "rate": 2.4712090849493924
        },
        "vus_max": {
            "value": 139,
            "min": 120,
            "max": 139
        },
        "http_reqs": {
            "count": 1644,
            "rate": 41.03704783491718
        },
        "http_req_connecting": {
            "max": 5.0294,
            "p(90)": 0,
            "p(95)": 0.9387949999999998,
            "p(99)": 1.4437039999999919,
            "avg": 0.09631332116788321,
            "min": 0,
            "med": 0
        },
        "dropped_iterations": {
            "count": 19,
            "rate": 0.4742724506468531
        },
        "http_req_duration{expected_response:true}": {
            "p(90)": 2510.166850000001,
            "p(95)": 2760.3499499999984,
            "p(99)": 3535.4498849999964,
            "avg": 1390.0854447688557,
            "min": 16.1573,
            "med": 1347.7786,
            "max": 3863.0302
        }
    },
    "setup_data": {
        "tenantId": "7167f163-c318-4d04-9180-4f879915b58f"
    },
    "root_group": {
        "name": "",
        "path": "",
        "id": "d41d8cd98f00b204e9800998ecf8427e",
        "groups": {},
        "checks": {
                "submit 201": {
                    "fails": 0,
                    "name": "submit 201",
                    "path": "::submit 201",
                    "id": "f54ebc34e686695b5238e8aca2c47587",
                    "passes": 222
                }
            }
    }
}