{
    "root_group": {
        "path": "",
        "id": "d41d8cd98f00b204e9800998ecf8427e",
        "groups": {},
        "checks": {
                "submit 201": {
                    "path": "::submit 201",
                    "id": "f54ebc34e686695b5238e8aca2c47587",
                    "passes": 228,
                    "fails": 0,
                    "name": "submit 201"
                }
            },
        "name": ""
    },
    "metrics": {
        "http_req_tls_handshaking": {
            "max": 0,
            "p(90)": 0,
            "p(95)": 0,
            "p(99)": 0,
            "avg": 0,
            "min": 0,
            "med": 0
        },
        "iterations": {
            "count": 114,
            "rate": 2.846411649805585
        },
        "dropped_iterations": {
            "count": 13,
            "rate": 0.3245908021708124
        },
        "http_req_duration{expected_response:true}": {
            "p(99)": 3381.932387,
            "avg": 1662.69424570312,
            "min": 16.0901,
            "med": 1861.04185,
            "max": 4077.4719,
            "p(90)": 2546.58452,
            "p(95)": 2845.5805049999994
        },
        "data_sent": {
            "count": 220720,
            "rate": 5511.052450395516
        },
        "http_reqs": {
            "count": 1280,
            "rate": 31.959709752203064
        },
        "http_req_sending": {
            "med": 0,
            "max": 1.009,
            "p(90)": 0,
            "p(95)": 0,
            "p(99)": 0.5187830000000001,
            "avg": 0.009933124999999998,
            "min": 0
        },
        "http_req_waiting": {
            "p(99)": 3381.932387,
            "avg": 1662.6425739062447,
            "min": 16.0901,
            "med": 1861.04185,
            "max": 4077.4719,
            "p(90)": 2546.58452,
            "p(95)": 2845.5805049999994
        },
        "http_req_connecting": {
            "p(90)": 0.5212000000000001,
            "p(95)": 0.8384699999999999,
            "p(99)": 1.0458500000000002,
            "avg": 0.09946390624999996,
            "min": 0,
            "med": 0,
            "max": 2.5518
        },
        "http_req_receiving": {
            "max": 2.0936,
            "p(90)": 0,
            "p(95)": 0.5101649999999999,
            "p(99)": 0.7995,
            "avg": 0.04173867187499998,
            "min": 0,
            "med": 0
        },
        "data_received": {
            "count": 1072468,
            "rate": 26777.942186348217
        },
        "vus": {
            "value": 114,
            "min": 0,
            "max": 132
        },
        "vus_max": {
            "value": 133,
            "min": 120,
            "max": 133
        },
        "checks": {
            "passes": 228,
            "fails": 0,
            "value": 1
        },
        "http_req_failed": {
            "passes": 0,
            "fails": 1280,
            "value": 0
        },
        "iteration_duration": {
            "med": 11410.48025,
            "max": 19847.2773,
            "p(90)": 18619.57588,
            "p(95)": 19141.923235,
            "p(99)": 19714.521094,
            "avg": 11203.42178245614,
            "min": 2400.424
        },
        "http_req_blocked": {
            "med": 0,
            "max": 11.009,
            "p(90)": 0.5283100000000001,
            "p(95)": 0.862535,
            "p(99)": 1.0567300000000002,
            "avg": 0.11291554687499991,
            "min": 0
        },
        "http_req_duration": {
            "p(95)": 2845.5805049999994,
            "p(99)": 3381.932387,
            "avg": 1662.69424570312,
            "min": 16.0901,
            "med": 1861.04185,
            "max": 4077.4719,
            "p(90)": 2546.58452
        }
    },
    "setup_data": {
        "tenantId": "6c20abe0-34b4-43ff-b9df-b1c3c59dfaf1"
    }
}