{
    "metrics": {
        "http_req_duration": {
            "med": 1344.1578,
            "max": 4315.1117,
            "p(90)": 2800.3394,
            "p(95)": 3476.9204,
            "p(99)": 3663.451560000002,
            "avg": 1494.021252815226,
            "min": 15.6189
        },
        "http_req_waiting": {
            "min": 15.6189,
            "med": 1344.1578,
            "max": 4315.1117,
            "p(90)": 2800.3394,
            "p(95)": 3476.9204,
            "p(99)": 3662.8435800000016,
            "avg": 1493.939281046788
        },
        "checks": {
            "passes": 237,
            "fails": 0,
            "value": 1
        },
        "iterations": {
            "count": 156,
            "rate": 3.894906961233886
        },
        "data_received": {
            "rate": 26708.77520491043,
            "count": 1069748
        },
        "vus_max": {
            "value": 124,
            "min": 120,
            "max": 124
        },
        "http_req_sending": {
            "max": 1.0212,
            "p(90)": 0,
            "p(95)": 0,
            "p(99)": 0.536,
            "avg": 0.019088025376685174,
            "min": 0,
            "med": 0
        },
        "http_req_tls_handshaking": {
            "min": 0,
            "med": 0,
            "max": 0,
            "p(90)": 0,
            "p(95)": 0,
            "p(99)": 0,
            "avg": 0
        },
        "http_req_blocked": {
            "avg": 0.12589754163362402,
            "min": 0,
            "med": 0,
            "max": 12.6342,
            "p(90)": 0.5328,
            "p(95)": 0.8728,
            "p(99)": 1.08528
        },
        "vus": {
            "value": 81,
            "min": 0,
            "max": 123
        },
        "dropped_iterations": {
            "count": 4,
            "rate": 0.09986940926240734
        },
        "http_reqs": {
            "count": 1261,
            "rate": 31.483831269973912
        },
        "http_req_receiving": {
            "max": 2.6729,
            "p(90)": 0,
            "p(95)": 0.5328,
            "p(99)": 0.7929,
            "avg": 0.06288374306106263,
            "min": 0,
            "med": 0
        },
        "data_sent": {
            "count": 218684,
            "rate": 5459.960473785071
        },
        "http_req_connecting": {
            "avg": 0.10655170499603486,
            "min": 0,
            "med": 0,
            "max": 3.0109,
            "p(90)": 0.5217,
            "p(95)": 0.848,
            "p(99)": 1.0712400000000002
        },
        "http_req_duration{expected_response:true}": {
            "min": 15.6189,
            "med": 1344.05415,
            "max": 4315.1117,
            "p(90)": 2795.0869100000004,
            "p(95)": 3476.97105,
            "p(99)": 3663.6180290000016,
            "avg": 1492.5131438888889
        },
        "http_req_failed": {
            "fails": 1260,
            "passes": 1,
            "value": 0.0007930214115781126
        },
        "iteration_duration": {
            "med": 10736.4753,
            "max": 17079.1837,
            "p(90)": 16216.82165,
            "p(95)": 16612.885224999998,
            "p(99)": 16899.512815,
            "avg": 10247.314101923079,
            "min": 2322.354
        }
    },
    "setup_data": {
        "tenantId": "ac61d898-0137-4dae-b1ed-6d7c1ccb5dab"
    },
    "root_group": {
        "name": "",
        "path": "",
        "id": "d41d8cd98f00b204e9800998ecf8427e",
        "groups": {},
        "checks": {
                "submit 201": {
                    "name": "submit 201",
                    "path": "::submit 201",
                    "id": "f54ebc34e686695b5238e8aca2c47587",
                    "passes": 237,
                    "fails": 0
                }
            }
    }
}