{
    "setup_data": {
        "tenantId": "6281fbe2-b088-4515-abc0-174848f5aebf"
    },
    "root_group": {
        "name": "",
        "path": "",
        "id": "d41d8cd98f00b204e9800998ecf8427e",
        "groups": {},
        "checks": {
                "submit 201": {
                    "passes": 241,
                    "fails": 0,
                    "name": "submit 201",
                    "path": "::submit 201",
                    "id": "f54ebc34e686695b5238e8aca2c47587"
                }
            }
    },
    "metrics": {
        "http_reqs": {
            "count": 1159,
            "rate": 28.935295999564755
        },
        "http_req_blocked": {
            "p(99)": 1.3393180000000093,
            "avg": 0.16090828300258844,
            "min": 0,
            "med": 0,
            "max": 11.7887,
            "p(90)": 0.6001800000000003,
            "p(95)": 0.9520199999999952
        },
        "http_req_failed": {
            "passes": 0,
            "fails": 1159,
            "value": 0
        },
        "http_req_receiving": {
            "p(95)": 0.5252399999999999,
            "p(99)": 1.0823020000000108,
            "avg": 0.0605835202761001,
            "min": 0,
            "med": 0,
            "max": 3.7628,
            "p(90)": 0
        },
        "checks": {
            "fails": 0,
            "passes": 241,
            "value": 1
        },
        "http_req_tls_handshaking": {
            "p(99)": 0,
            "avg": 0,
            "min": 0,
            "med": 0,
            "max": 0,
            "p(90)": 0,
            "p(95)": 0
        },
        "data_received": {
            "count": 989440,
            "rate": 24702.104636591328
        },
        "http_req_waiting": {
            "p(90)": 2423.4404000000004,
            "p(95)": 2751.599049999999,
            "p(99)": 3135.8731920000014,
            "avg": 1313.1164817946478,
            "min": 14.2257,
            "med": 1253.352,
            "max": 3522.4834
        },
        "http_req_duration": {
            "avg": 1313.204835461602,
            "min": 14.2257,
            "med": 1253.352,
            "max": 3522.4834,
            "p(90)": 2423.4404000000004,
            "p(95)": 2751.599049999999,
            "p(99)": 3135.8731920000014
        },
        "http_req_sending": {
            "max": 5.5823,
            "p(90)": 0,
            "p(95)": 0,
            "p(99)": 0.5461820000000002,
            "avg": 0.027770146678170845,
            "min": 0,
            "med": 0
        },
        "data_sent": {
            "count": 206556,
            "rate": 5156.823986614407
        },
        "vus_max": {
            "max": 120,
            "value": 120,
            "min": 120
        },
        "http_req_connecting": {
            "avg": 0.13944728213977564,
            "min": 0,
            "med": 0,
            "max": 2.7181,
            "p(90)": 0.5401400000000001,
            "p(95)": 0.8910599999999997,
            "p(99)": 1.2454060000000051
        },
        "vus": {
            "max": 102,
            "value": 70,
            "min": 0
        },
        "iteration_duration": {
            "max": 14516.3068,
            "p(90)": 12825.50581,
            "p(95)": 13066.631094999999,
            "p(99)": 14273.898978,
            "avg": 8195.742488372092,
            "min": 2411.5877,
            "med": 8368.1461
        },
        "http_req_duration{expected_response:true}": {
            "max": 3522.4834,
            "p(90)": 2423.4404000000004,
            "p(95)": 2751.599049999999,
            "p(99)": 3135.8731920000014,
            "avg": 1313.204835461602,
            "min": 14.2257,
            "med": 1253.352
        },
        "iterations": {
            "count": 172,
            "rate": 4.294107775604088
        }
    }
}