{
    "metrics": {
        "vus_max": {
            "value": 120,
            "min": 120,
            "max": 120
        },
        "http_req_duration{expected_response:true}": {
            "avg": 1015.9685739344287,
            "min": 13.036,
            "med": 838.2452499999999,
            "max": 3086.4244,
            "p(90)": 2099.7877900000003,
            "p(95)": 2318.9087,
            "p(99)": 2791.715565999998
        },
        "http_req_connecting": {
            "max": 2.0201,
            "p(90)": 0.52741,
            "p(95)": 0.8471649999999998,
            "p(99)": 1.0713889999999997,
            "avg": 0.12362172131147543,
            "min": 0,
            "med": 0
        },
        "iteration_duration": {
            "max": 11445.379,
            "p(90)": 10841.047840000001,
            "p(95)": 11116.20579,
            "p(99)": 11361.2112,
            "avg": 7181.682692513369,
            "min": 2351.188,
            "med": 6756.0707
        },
        "http_req_waiting": {
            "p(95)": 2318.9087,
            "p(99)": 2791.715565999998,
            "avg": 1015.8982750819696,
            "min": 13.036,
            "med": 837.91205,
            "max": 3086.4244,
            "p(90)": 2099.7338200000004
        },
        "vus": {
            "max": 81,
            "value": 53,
            "min": 0
        },
        "iterations": {
            "count": 187,
            "rate": 4.666406497452503
        },
        "data_received": {
            "count": 1046154,
            "rate": 26105.77445420281
        },
        "http_req_failed": {
            "passes": 0,
            "fails": 1220,
            "value": 0
        },
        "http_req_tls_handshaking": {
            "max": 0,
            "p(90)": 0,
            "p(95)": 0,
            "p(99)": 0,
            "avg": 0,
            "min": 0,
            "med": 0
        },
        "checks": {
            "fails": 0,
            "passes": 240,
            "value": 1
        },
        "data_sent": {
            "rate": 5353.740725077271,
            "count": 214544
        },
        "http_req_duration": {
            "min": 13.036,
            "med": 838.2452499999999,
            "max": 3086.4244,
            "p(90)": 2099.7877900000003,
            "p(95)": 2318.9087,
            "p(99)": 2791.715565999998,
            "avg": 1015.9685739344287
        },
        "http_req_blocked": {
            "avg": 0.1431588524590164,
            "min": 0,
            "med": 0,
            "max": 11.9945,
            "p(90)": 0.54122,
            "p(95)": 0.8760449999999997,
            "p(99)": 1.0853629999999999
        },
        "http_req_receiving": {
            "p(90)": 0,
            "p(95)": 0.517815,
            "p(99)": 1.008605,
            "avg": 0.05138016393442623,
            "min": 0,
            "med": 0,
            "max": 5.4473
        },
        "http_req_sending": {
            "avg": 0.018918688524590166,
            "min": 0,
            "med": 0,
            "max": 1.021,
            "p(90)": 0,
            "p(95)": 0,
            "p(99)": 0.5394909999999999
        },
        "http_reqs": {
            "count": 1220,
            "rate": 30.44393543792542
        }
    },
    "setup_data": {
        "tenantId": "064dd74d-285b-4904-8700-3b197395258a"
    },
    "root_group": {
        "id": "d41d8cd98f00b204e9800998ecf8427e",
        "groups": {},
        "checks": {
                "submit 201": {
                    "passes": 240,
                    "fails": 0,
                    "name": "submit 201",
                    "path": "::submit 201",
                    "id": "f54ebc34e686695b5238e8aca2c47587"
                }
            },
        "name": "",
        "path": ""
    }
}