{
    "root_group": {
        "path": "",
        "id": "d41d8cd98f00b204e9800998ecf8427e",
        "groups": {},
        "checks": {
                "submit 201": {
                    "name": "submit 201",
                    "path": "::submit 201",
                    "id": "f54ebc34e686695b5238e8aca2c47587",
                    "passes": 240,
                    "fails": 0
                }
            },
        "name": ""
    },
    "metrics": {
        "http_reqs": {
            "count": 1141,
            "rate": 28.520713336785484
        },
        "http_req_receiving": {
            "avg": 0.05893531989482908,
            "min": 0,
            "med": 0,
            "max": 1.517,
            "p(90)": 0,
            "p(95)": 0.5307,
            "p(99)": 1.0133
        },
        "http_req_failed": {
            "passes": 0,
            "fails": 1141,
            "value": 0
        },
        "checks": {
            "passes": 240,
            "fails": 0,
            "value": 1
        },
        "http_req_duration": {
            "p(95)": 1477.1445,
            "p(99)": 1943.9612799999998,
            "avg": 640.5925970201572,
            "min": 14.6759,
            "med": 605.7919,
            "max": 2328.9414,
            "p(90)": 1239.6502
        },
        "http_req_waiting": {
            "p(99)": 1943.9612799999998,
            "avg": 640.5119462751968,
            "min": 14.6759,
            "med": 605.2234,
            "max": 2328.9414,
            "p(90)": 1239.2925,
            "p(95)": 1477.1445
        },
        "vus_max": {
            "value": 120,
            "min": 120,
            "max": 120
        },
        "http_req_duration{expected_response:true}": {
            "max": 2328.9414,
            "p(90)": 1239.6502,
            "p(95)": 1477.1445,
            "p(99)": 1943.9612799999998,
            "avg": 640.5925970201572,
            "min": 14.6759,
            "med": 605.7919
        },
        "iterations": {
            "count": 240,
            "rate": 5.999098335520172
        },
        "http_req_tls_handshaking": {
            "avg": 0,
            "min": 0,
            "med": 0,
            "max": 0,
            "p(90)": 0,
            "p(95)": 0,
            "p(99)": 0
        },
        "iteration_duration": {
            "avg": 4923.372188333329,
            "min": 2539.3818,
            "med": 5146.7144499999995,
            "max": 7006.5219,
            "p(90)": 6149.77094,
            "p(95)": 6444.89344,
            "p(99)": 6790.719475999998
        },
        "data_sent": {
            "count": 200030,
            "rate": 4999.998500225416
        },
        "data_received": {
            "count": 1000972,
            "rate": 25020.53941292624
        },
        "http_req_blocked": {
            "max": 46.2923,
            "p(90)": 0.5397,
            "p(95)": 0.9058,
            "p(99)": 1.0917599999999992,
            "avg": 0.20464092900964068,
            "min": 0,
            "med": 0
        },
        "vus": {
            "value": 1,
            "min": 0,
            "max": 51
        },
        "http_req_connecting": {
            "p(99)": 1.0741,
            "avg": 0.14422725679228732,
            "min": 0,
            "med": 0,
            "max": 11.7144,
            "p(90)": 0.5301,
            "p(95)": 0.8648
        },
        "http_req_sending": {
            "max": 1.0202,
            "p(90)": 0,
            "p(95)": 0,
            "p(99)": 0.5432199999999997,
            "avg": 0.021715425065731812,
            "min": 0,
            "med": 0
        }
    },
    "setup_data": {
        "tenantId": "0e39cc36-a2d8-46ad-b424-80c9af14e483"
    }
}