{
    "metrics": {
        "http_req_duration": {
            "avg": 693.1639251673794,
            "min": 11.5526,
            "med": 856.9089,
            "max": 1755.8893,
            "p(90)": 1170.7451,
            "p(95)": 1240.059875,
            "p(99)": 1384.1678300000017
        },
        "iterations": {
            "count": 37,
            "rate": 0.9234101278464816
        },
        "http_req_waiting": {
            "med": 856.9089,
            "max": 1755.8893,
            "p(90)": 1170.5203999999999,
            "p(95)": 1240.059875,
            "p(99)": 1383.731950000002,
            "avg": 693.1173869750484,
            "min": 11.5526
        },
        "checks": {
            "passes": 187,
            "fails": 0,
            "value": 1
        },
        "iteration_duration": {
            "avg": 25299.30913243243,
            "min": 4211.0452,
            "med": 30198.8746,
            "max": 31280.1806,
            "p(90)": 31123.458440000002,
            "p(95)": 31219.32226,
            "p(99)": 31258.467524
        },
        "http_req_blocked": {
            "p(95)": 0.31984999999999997,
            "p(99)": 0.9272250000000009,
            "avg": 0.038949573950091285,
            "min": 0,
            "med": 0,
            "max": 11.5765,
            "p(90)": 0
        },
        "http_req_failed": {
            "passes": 0,
            "fails": 3286,
            "value": 0
        },
        "http_reqs": {
            "count": 3286,
            "rate": 82.0088021649605
        },
        "vus": {
            "max": 173,
            "value": 150,
            "min": 0
        },
        "http_req_duration{expected_response:true}": {
            "max": 1755.8893,
            "p(90)": 1170.7451,
            "p(95)": 1240.059875,
            "p(99)": 1384.1678300000017,
            "avg": 693.1639251673794,
            "min": 11.5526,
            "med": 856.9089
        },
        "http_req_tls_handshaking": {
            "max": 0,
            "p(90)": 0,
            "p(95)": 0,
            "p(99)": 0,
            "avg": 0,
            "min": 0,
            "med": 0
        },
        "http_req_sending": {
            "p(95)": 0,
            "p(99)": 0.32706000000000096,
            "avg": 0.00531865489957395,
            "min": 0,
            "med": 0,
            "max": 0.7873,
            "p(90)": 0
        },
        "http_req_receiving": {
            "avg": 0.04121953743152771,
            "min": 0,
            "med": 0,
            "max": 2.6092,
            "p(90)": 0,
            "p(95)": 0.5107,
            "p(99)": 0.6599500000000003
        },
        "data_sent": {
            "count": 447928,
            "rate": 11178.9527498924
        },
        "http_req_connecting": {
            "min": 0,
            "med": 0,
            "max": 1.457,
            "p(90)": 0,
            "p(95)": 0.227625,
            "p(99)": 0.8669450000000002,
            "avg": 0.03125751673767498
        },
        "dropped_iterations": {
            "count": 54,
            "rate": 1.3476796460462164
        },
        "data_received": {
            "count": 2699583,
            "rate": 67373.57522059968
        },
        "vus_max": {
            "value": 174,
            "min": 120,
            "max": 174
        }
    },
    "setup_data": {
        "tenantId": "707d88c7-3f92-4bca-a2bb-714d8f3a3e8c"
    },
    "root_group": {
        "name": "",
        "path": "",
        "id": "d41d8cd98f00b204e9800998ecf8427e",
        "groups": {},
        "checks": {
                "submit 201": {
                    "fails": 0,
                    "name": "submit 201",
                    "path": "::submit 201",
                    "id": "f54ebc34e686695b5238e8aca2c47587",
                    "passes": 187
                }
            }
    }
}