{
    "metrics": {
        "http_req_waiting": {
            "avg": 703.6895380189603,
            "min": 11.0961,
            "med": 663.4761,
            "max": 2685.2131,
            "p(90)": 1438.7682,
            "p(95)": 1571.8463499999998,
            "p(99)": 1859.189242000001
        },
        "iterations": {
            "count": 31,
            "rate": 0.7740322101119723
        },
        "http_req_duration": {
            "min": 13.6663,
            "med": 663.4761,
            "max": 2685.2131,
            "p(90)": 1438.7682,
            "p(95)": 1571.8463499999998,
            "p(99)": 1859.4010900000012,
            "avg": 703.7473884602805
        },
        "vus": {
            "max": 167,
            "value": 161,
            "min": 0
        },
        "dropped_iterations": {
            "count": 48,
            "rate": 1.1985014866249895
        },
        "vus_max": {
            "value": 168,
            "min": 120,
            "max": 168
        },
        "checks": {
            "passes": 192,
            "fails": 0,
            "value": 1
        },
        "http_req_failed": {
            "passes": 5,
            "fails": 3054,
            "value": 0.0016345210853220007
        },
        "data_received": {
            "count": 2541081,
            "rate": 63447.69491946905
        },
        "data_sent": {
            "count": 432296,
            "rate": 10793.904138792424
        },
        "http_req_tls_handshaking": {
            "min": 0,
            "med": 0,
            "max": 0,
            "p(90)": 0,
            "p(95)": 0,
            "p(99)": 0,
            "avg": 0
        },
        "http_req_receiving": {
            "max": 4.0113,
            "p(90)": 0,
            "p(95)": 0.5176699999999999,
            "p(99)": 0.7284760000000001,
            "avg": 0.049524779339653435,
            "min": 0,
            "med": 0
        },
        "iteration_duration": {
            "p(90)": 28594.0141,
            "p(95)": 29680.105750000002,
            "p(99)": 30229.83206,
            "avg": 16992.88797741935,
            "min": 2109.8467,
            "med": 17029.5384,
            "max": 30256.4297
        },
        "http_reqs": {
            "count": 3059,
            "rate": 76.37950099137171
        },
        "http_req_duration{expected_response:true}": {
            "p(95)": 1569.2175349999995,
            "p(99)": 1860.167564999997,
            "avg": 702.5143173542889,
            "min": 13.6663,
            "med": 661.8238,
            "max": 2685.2131,
            "p(90)": 1438.60803
        },
        "http_req_blocked": {
            "max": 14.0008,
            "p(90)": 0,
            "p(95)": 0.30653999999999987,
            "p(99)": 0.7995660000000009,
            "avg": 0.037656162144491676,
            "min": 0,
            "med": 0
        },
        "http_req_connecting": {
            "p(99)": 0.55381,
            "avg": 0.03002062765609677,
            "min": 0,
            "med": 0,
            "max": 5.0868,
            "p(90)": 0,
            "p(95)": 0
        },
        "http_req_sending": {
            "min": 0,
            "med": 0,
            "max": 2.8403,
            "p(90)": 0,
            "p(95)": 0,
            "p(99)": 0.504026,
            "avg": 0.008325661981039555
        }
    },
    "setup_data": {
        "tenantId": "43fee2eb-e3e3-45de-9e4f-760ad7e69416"
    },
    "root_group": {
        "name": "",
        "path": "",
        "id": "d41d8cd98f00b204e9800998ecf8427e",
        "groups": {},
        "checks": {
                "submit 201": {
                    "name": "submit 201",
                    "path": "::submit 201",
                    "id": "f54ebc34e686695b5238e8aca2c47587",
                    "passes": 192,
                    "fails": 0
                }
            }
    }
}