{
    "root_group": {
        "name": "",
        "path": "",
        "id": "d41d8cd98f00b204e9800998ecf8427e",
        "groups": {},
        "checks": {
                "submit 201": {
                    "name": "submit 201",
                    "path": "::submit 201",
                    "id": "f54ebc34e686695b5238e8aca2c47587",
                    "passes": 199,
                    "fails": 0
                }
            }
    },
    "metrics": {
        "http_req_tls_handshaking": {
            "p(95)": 0,
            "p(99)": 0,
            "avg": 0,
            "min": 0,
            "med": 0,
            "max": 0,
            "p(90)": 0
        },
        "data_sent": {
            "count": 399508,
            "rate": 9975.670065137523
        },
        "http_req_connecting": {
            "p(95)": 0.5051599999999997,
            "p(99)": 0.9183919999999975,
            "avg": 0.0384189773136478,
            "min": 0,
            "med": 0,
            "max": 4.6212,
            "p(90)": 0
        },
        "http_req_receiving": {
            "min": 0,
            "med": 0,
            "max": 2.5073,
            "p(90)": 0,
            "p(95)": 0.5279,
            "p(99)": 1.0006639999999976,
            "avg": 0.052680014404033165
        },
        "http_req_duration{expected_response:true}": {
            "p(99)": 1860.8321839999978,
            "avg": 774.1135472812402,
            "min": 14.5616,
            "med": 730.4677,
            "max": 2438.2192,
            "p(90)": 1538.27698,
            "p(95)": 1642.5503199999991
        },
        "iteration_duration": {
            "med": 15563.553,
            "max": 27949.5617,
            "p(90)": 25737.30814,
            "p(95)": 27342.7038,
            "p(99)": 27721.888584,
            "avg": 15680.709904444442,
            "min": 2623.5962
        },
        "http_reqs": {
            "count": 2777,
            "rate": 69.34137932378552
        },
        "iterations": {
            "count": 45,
            "rate": 1.1236449656357033
        },
        "http_req_failed": {
            "passes": 0,
            "fails": 2777,
            "value": 0
        },
        "vus": {
            "value": 154,
            "min": 0,
            "max": 160
        },
        "http_req_sending": {
            "p(95)": 0,
            "p(99)": 0.5054439999999999,
            "avg": 0.008689881166726683,
            "min": 0,
            "med": 0,
            "max": 1.6591,
            "p(90)": 0
        },
        "dropped_iterations": {
            "count": 41,
            "rate": 1.023765413134752
        },
        "vus_max": {
            "min": 120,
            "max": 161,
            "value": 161
        },
        "checks": {
            "passes": 199,
            "fails": 0,
            "value": 1
        },
        "data_received": {
            "count": 2292100,
            "rate": 57233.480571857675
        },
        "http_req_duration": {
            "med": 730.4677,
            "max": 2438.2192,
            "p(90)": 1538.27698,
            "p(95)": 1642.5503199999991,
            "p(99)": 1860.8321839999978,
            "avg": 774.1135472812402,
            "min": 14.5616
        },
        "http_req_waiting": {
            "p(99)": 1860.8321839999978,
            "avg": 774.0521773856685,
            "min": 14.5271,
            "med": 730.4677,
            "max": 2438.2192,
            "p(90)": 1538.27698,
            "p(95)": 1642.5503199999991
        },
        "http_req_blocked": {
            "p(99)": 1.027672,
            "avg": 0.04698080662585521,
            "min": 0,
            "med": 0,
            "max": 12.0435,
            "p(90)": 0,
            "p(95)": 0.5158599999999999
        }
    },
    "setup_data": {
        "tenantId": "c4e1231a-0b2f-4f29-8c14-9943a598462b"
    }
}