{
    "root_group": {
        "path": "",
        "id": "d41d8cd98f00b204e9800998ecf8427e",
        "groups": {},
        "checks": {
                "submit 201": {
                    "id": "f54ebc34e686695b5238e8aca2c47587",
                    "passes": 205,
                    "fails": 0,
                    "name": "submit 201",
                    "path": "::submit 201"
                }
            },
        "name": ""
    },
    "metrics": {
        "dropped_iterations": {
            "count": 35,
            "rate": 0.873781324080585
        },
        "vus": {
            "max": 154,
            "value": 144,
            "min": 0
        },
        "vus_max": {
            "value": 155,
            "min": 120,
            "max": 155
        },
        "http_req_duration{expected_response:true}": {
            "avg": 770.9367680626352,
            "min": 11.5093,
            "med": 837.3741,
            "max": 2360.1087,
            "p(90)": 1317.5296,
            "p(95)": 1592.238,
            "p(99)": 1868.2047
        },
        "http_req_sending": {
            "max": 0.8038,
            "p(90)": 0,
            "p(95)": 0,
            "p(99)": 0.5052950000000002,
            "avg": 0.007511726147123093,
            "min": 0,
            "med": 0
        },
        "http_req_duration": {
            "min": 11.5093,
            "med": 837.3741,
            "max": 2360.1087,
            "p(90)": 1317.5296,
            "p(95)": 1592.238,
            "p(99)": 1868.2047,
            "avg": 770.9367680626352
        },
        "http_req_failed": {
            "passes": 0,
            "fails": 2746,
            "value": 0
        },
        "checks": {
            "fails": 0,
            "passes": 205,
            "value": 1
        },
        "http_req_tls_handshaking": {
            "min": 0,
            "med": 0,
            "max": 0,
            "p(90)": 0,
            "p(95)": 0,
            "p(99)": 0,
            "avg": 0
        },
        "data_sent": {
            "count": 389458,
            "rate": 9722.889340393613
        },
        "iterations": {
            "count": 61,
            "rate": 1.5228760219690194
        },
        "http_req_blocked": {
            "avg": 0.04534497450837583,
            "min": 0,
            "med": 0,
            "max": 13.071,
            "p(90)": 0,
            "p(95)": 0.51375,
            "p(99)": 0.9641850000000012
        },
        "http_req_connecting": {
            "avg": 0.037031791697013844,
            "min": 0,
            "med": 0,
            "max": 3.7575,
            "p(90)": 0,
            "p(95)": 0.506075,
            "p(99)": 0.87622
        },
        "http_req_receiving": {
            "max": 3.8158,
            "p(90)": 0,
            "p(95)": 0.5205,
            "p(99)": 0.8082,
            "avg": 0.04812214129643114,
            "min": 0,
            "med": 0
        },
        "data_received": {
            "count": 2271052,
            "rate": 56697.22353188173
        },
        "http_req_waiting": {
            "p(95)": 1592.238,
            "p(99)": 1868.2047,
            "avg": 770.8811341951917,
            "min": 11.5093,
            "med": 837.3741,
            "max": 2359.6027,
            "p(90)": 1317.5296
        },
        "iteration_duration": {
            "min": 2605.0587,
            "med": 15258.9777,
            "max": 27454.8017,
            "p(90)": 24945.687,
            "p(95)": 26260.4541,
            "p(99)": 27383.58566,
            "avg": 15214.167516393447
        },
        "http_reqs": {
            "count": 2746,
            "rate": 68.55438616929389
        }
    },
    "setup_data": {
        "tenantId": "647e6d1b-e6f3-47af-a3ad-e246f590824f"
    }
}