{
    "metrics": {
        "http_req_duration": {
            "max": 2765.7473,
            "p(90)": 1473.2874,
            "p(95)": 1673.20426,
            "p(99)": 1916.8988719999993,
            "avg": 820.396800988531,
            "min": 13.8276,
            "med": 874.8638
        },
        "iteration_duration": {
            "max": 25799.012,
            "p(90)": 24015.294420000006,
            "p(95)": 24846.21371,
            "p(99)": 25750.611930000003,
            "avg": 14324.906296,
            "min": 2621.8398,
            "med": 14131.0134
        },
        "http_req_blocked": {
            "p(90)": 0,
            "p(95)": 0.51802,
            "p(99)": 0.908111999999999,
            "avg": 0.04811221826809016,
            "min": 0,
            "med": 0,
            "max": 12.1028
        },
        "http_req_receiving": {
            "p(99)": 0.7355359999999947,
            "avg": 0.041349940688019005,
            "min": 0,
            "med": 0,
            "max": 2.0632,
            "p(90)": 0,
            "p(95)": 0.5183
        },
        "data_sent": {
            "count": 363478,
            "rate": 9076.364440371395
        },
        "http_req_waiting": {
            "avg": 820.3461319889267,
            "min": 13.8147,
            "med": 874.8638,
            "max": 2765.7473,
            "p(90)": 1473.2874,
            "p(95)": 1672.8736,
            "p(99)": 1916.8988719999993
        },
        "dropped_iterations": {
            "count": 29,
            "rate": 0.7241554338110435
        },
        "http_req_failed": {
            "passes": 0,
            "fails": 2529,
            "value": 0
        },
        "checks": {
            "passes": 211,
            "fails": 0,
            "value": 1
        },
        "http_req_duration{expected_response:true}": {
            "med": 874.8638,
            "max": 2765.7473,
            "p(90)": 1473.2874,
            "p(95)": 1673.20426,
            "p(99)": 1916.8988719999993,
            "avg": 820.396800988531,
            "min": 13.8276
        },
        "http_req_tls_handshaking": {
            "min": 0,
            "med": 0,
            "max": 0,
            "p(90)": 0,
            "p(95)": 0,
            "p(99)": 0,
            "avg": 0
        },
        "vus": {
            "min": 0,
            "max": 148,
            "value": 136
        },
        "http_req_sending": {
            "med": 0,
            "max": 1.6397,
            "p(90)": 0,
            "p(95)": 0,
            "p(99)": 0.5250839999999991,
            "avg": 0.009319058916567815,
            "min": 0
        },
        "data_received": {
            "count": 2096464,
            "rate": 52350.544737559845
        },
        "vus_max": {
            "max": 149,
            "value": 149,
            "min": 120
        },
        "iterations": {
            "count": 75,
            "rate": 1.8728157770975262
        },
        "http_req_connecting": {
            "med": 0,
            "max": 1.3696,
            "p(90)": 0,
            "p(95)": 0.5143,
            "p(99)": 0.8734799999999997,
            "avg": 0.039713483590351914,
            "min": 0
        },
        "http_reqs": {
            "count": 2529,
            "rate": 63.151348003728586
        }
    },
    "setup_data": {
        "tenantId": "410d8b12-eb37-498c-ba1e-e84b3eb844d7"
    },
    "root_group": {
        "name": "",
        "path": "",
        "id": "d41d8cd98f00b204e9800998ecf8427e",
        "groups": {},
        "checks": {
                "submit 201": {
                    "fails": 0,
                    "name": "submit 201",
                    "path": "::submit 201",
                    "id": "f54ebc34e686695b5238e8aca2c47587",
                    "passes": 211
                }
            }
    }
}