{
    "root_group": {
        "name": "",
        "path": "",
        "id": "d41d8cd98f00b204e9800998ecf8427e",
        "groups": {},
        "checks": {
                "submit 201": {
                    "path": "::submit 201",
                    "id": "f54ebc34e686695b5238e8aca2c47587",
                    "passes": 215,
                    "fails": 0,
                    "name": "submit 201"
                }
            }
    },
    "metrics": {
        "data_sent": {
            "count": 319254,
            "rate": 7970.404602028241
        },
        "http_req_tls_handshaking": {
            "min": 0,
            "med": 0,
            "max": 0,
            "p(90)": 0,
            "p(95)": 0,
            "p(99)": 0,
            "avg": 0
        },
        "http_req_sending": {
            "med": 0,
            "max": 2.5479,
            "p(90)": 0,
            "p(95)": 0,
            "p(99)": 0.5220069999999991,
            "avg": 0.0111,
            "min": 0
        },
        "http_req_waiting": {
            "p(99)": 2524.567624999999,
            "avg": 979.8926010223032,
            "min": 14.997,
            "med": 1010.5702,
            "max": 3259.9878,
            "p(90)": 1795.6748300000002,
            "p(95)": 2026.3264849999991
        },
        "vus": {
            "value": 128,
            "min": 0,
            "max": 145
        },
        "http_req_blocked": {
            "p(99)": 1.0596919999999999,
            "avg": 0.08189177509293681,
            "min": 0,
            "med": 0,
            "max": 28.3471,
            "p(90)": 0,
            "p(95)": 0.5307949999999998
        },
        "checks": {
            "passes": 215,
            "fails": 0,
            "value": 1
        },
        "iteration_duration": {
            "p(99)": 23664.122922000002,
            "avg": 13285.699952873561,
            "min": 2112.2409,
            "med": 13414.1601,
            "max": 23775.8647,
            "p(90)": 22240.08024,
            "p(95)": 23182.304340000002
        },
        "data_received": {
            "count": 1788380,
            "rate": 44648.18665443586
        },
        "http_req_duration": {
            "p(99)": 2524.567624999999,
            "avg": 979.9592045074334,
            "min": 14.997,
            "med": 1010.5702,
            "max": 3259.9878,
            "p(90)": 1795.6748300000002,
            "p(95)": 2026.3264849999991
        },
        "iterations": {
            "count": 87,
            "rate": 2.1720172664287904
        },
        "http_req_failed": {
            "fails": 2152,
            "passes": 0,
            "value": 0
        },
        "vus_max": {
            "value": 146,
            "min": 120,
            "max": 146
        },
        "http_req_receiving": {
            "avg": 0.05550348513011153,
            "min": 0,
            "med": 0,
            "max": 10.3008,
            "p(90)": 0,
            "p(95)": 0.5211,
            "p(99)": 1.0052
        },
        "http_reqs": {
            "count": 2152,
            "rate": 53.72622019947996
        },
        "http_req_duration{expected_response:true}": {
            "avg": 979.9592045074334,
            "min": 14.997,
            "med": 1010.5702,
            "max": 3259.9878,
            "p(90)": 1795.6748300000002,
            "p(95)": 2026.3264849999991,
            "p(99)": 2524.567624999999
        },
        "http_req_connecting": {
            "avg": 0.07087188661710038,
            "min": 0,
            "med": 0,
            "max": 28.3471,
            "p(90)": 0,
            "p(95)": 0.5232349999999999,
            "p(99)": 1.012247
        },
        "dropped_iterations": {
            "count": 26,
            "rate": 0.6491086083580293
        }
    },
    "setup_data": {
        "tenantId": "d19d298e-d8ba-423d-8d3b-19c76799406e"
    }
}