{
    "metrics": {
        "iteration_duration": {
            "med": 12722.0167,
            "max": 22543.959,
            "p(90)": 21296.16794,
            "p(95)": 21700.44137,
            "p(99)": 22364.236898,
            "avg": 13015.18404747475,
            "min": 13.265
        },
        "http_req_failed": {
            "passes": 1,
            "fails": 1838,
            "value": 0.000543773790103317
        },
        "http_req_blocked": {
            "avg": 0.07477340946166396,
            "min": 0,
            "med": 0,
            "max": 12.0866,
            "p(90)": 0,
            "p(95)": 0.5455099999999999,
            "p(99)": 1.0837819999999998
        },
        "vus_max": {
            "value": 141,
            "min": 120,
            "max": 141
        },
        "http_req_sending": {
            "avg": 0.010740674279499731,
            "min": 0,
            "med": 0,
            "max": 1.0577,
            "p(90)": 0,
            "p(95)": 0,
            "p(99)": 0.5293
        },
        "checks": {
            "passes": 219,
            "fails": 1,
            "value": 0.9954545454545455
        },
        "dropped_iterations": {
            "count": 21,
            "rate": 0.5244360869865655
        },
        "http_reqs": {
            "count": 1839,
            "rate": 45.925617331823524
        },
        "vus": {
            "value": 121,
            "min": 0,
            "max": 140
        },
        "data_sent": {
            "count": 291232,
            "rate": 7272.979546917688
        },
        "http_req_receiving": {
            "med": 0,
            "max": 1.5232,
            "p(90)": 0,
            "p(95)": 0.5271,
            "p(99)": 1.5115,
            "avg": 0.06681984774333878,
            "min": 0
        },
        "iterations": {
            "count": 99,
            "rate": 2.472341552936666
        },
        "http_req_tls_handshaking": {
            "avg": 0,
            "min": 0,
            "med": 0,
            "max": 0,
            "p(90)": 0,
            "p(95)": 0,
            "p(99)": 0
        },
        "http_req_connecting": {
            "p(99)": 1.0648299999999993,
            "avg": 0.0626095704187058,
            "min": 0,
            "med": 0,
            "max": 2.9272,
            "p(90)": 0,
            "p(95)": 0.53205
        },
        "http_req_waiting": {
            "avg": 1149.5471529635665,
            "min": 11.7443,
            "med": 1201.7722,
            "max": 3222.5483,
            "p(90)": 1861.2884000000001,
            "p(95)": 2038.8052899999989,
            "p(99)": 2863.881503999998
        },
        "data_received": {
            "count": 1533869,
            "rate": 38305.536014761725
        },
        "http_req_duration": {
            "max": 3222.5483,
            "p(90)": 1861.2884000000001,
            "p(95)": 2038.8052899999989,
            "p(99)": 2863.881503999998,
            "avg": 1149.6247134855892,
            "min": 11.7443,
            "med": 1201.981
        },
        "http_req_duration{expected_response:true}": {
            "p(90)": 1861.3990999999999,
            "p(95)": 2039.4333349999981,
            "p(99)": 2864.0373959999984,
            "avg": 1150.2437996735575,
            "min": 15.6463,
            "med": 1202.1306,
            "max": 3222.5483
        }
    },
    "setup_data": {
        "tenantId": "6ed58e5e-1457-4227-9836-b8fe8005dd6c"
    },
    "root_group": {
        "name": "",
        "path": "",
        "id": "d41d8cd98f00b204e9800998ecf8427e",
        "groups": {},
        "checks": {
                "submit 201": {
                    "name": "submit 201",
                    "path": "::submit 201",
                    "id": "f54ebc34e686695b5238e8aca2c47587",
                    "passes": 219,
                    "fails": 1
                }
            }
    }
}