{
    "metrics": {
        "vus_max": {
            "max": 138,
            "value": 138,
            "min": 120
        },
        "dropped_iterations": {
            "count": 18,
            "rate": 0.44947169658622876
        },
        "http_req_connecting": {
            "med": 0,
            "max": 11.3037,
            "p(90)": 0.3573699999999999,
            "p(95)": 0.5481649999999999,
            "p(99)": 1.058593,
            "avg": 0.08347072322670383,
            "min": 0
        },
        "vus": {
            "max": 135,
            "value": 120,
            "min": 0
        },
        "checks": {
            "passes": 222,
            "fails": 0,
            "value": 1
        },
        "http_req_failed": {
            "passes": 0,
            "fails": 1438,
            "value": 0
        },
        "http_reqs": {
            "count": 1438,
            "rate": 35.90779442727761
        },
        "iteration_duration": {
            "max": 22208.9666,
            "p(90)": 19352.941899999998,
            "p(95)": 21680.043025,
            "p(99)": 22182.236143000002,
            "avg": 12253.652116666666,
            "min": 2358.5142,
            "med": 12408.885600000001
        },
        "http_req_sending": {
            "avg": 0.01547336578581363,
            "min": 0,
            "med": 0,
            "max": 1.4996,
            "p(90)": 0,
            "p(95)": 0,
            "p(99)": 0.5268559999999987
        },
        "http_req_receiving": {
            "p(90)": 0,
            "p(95)": 0.5216799999999998,
            "p(99)": 0.6421779999999999,
            "avg": 0.052926495132127944,
            "min": 0,
            "med": 0,
            "max": 2.019
        },
        "http_req_blocked": {
            "avg": 0.10073150208623087,
            "min": 0,
            "med": 0,
            "max": 12.6004,
            "p(90)": 0.51223,
            "p(95)": 0.8296049999999997,
            "p(99)": 1.0788799999999992
        },
        "data_sent": {
            "count": 244340,
            "rate": 6101.328574659952
        },
        "http_req_duration{expected_response:true}": {
            "p(95)": 2728.165419999998,
            "p(99)": 3166.8708719999972,
            "avg": 1520.5493826842858,
            "min": 15.6499,
            "med": 1757.6733,
            "max": 4215.4734,
            "p(90)": 2636.459
        },
        "data_received": {
            "count": 1203360,
            "rate": 30048.681155778013
        },
        "http_req_duration": {
            "min": 15.6499,
            "med": 1757.6733,
            "max": 4215.4734,
            "p(90)": 2636.459,
            "p(95)": 2728.165419999998,
            "p(99)": 3166.8708719999972,
            "avg": 1520.5493826842858
        },
        "iterations": {
            "count": 102,
            "rate": 2.5470062806552964
        },
        "http_req_tls_handshaking": {
            "max": 0,
            "p(90)": 0,
            "p(95)": 0,
            "p(99)": 0,
            "avg": 0,
            "min": 0,
            "med": 0
        },
        "http_req_waiting": {
            "p(90)": 2636.1027,
            "p(95)": 2727.707609999998,
            "p(99)": 3166.8708719999972,
            "avg": 1520.4809828233667,
            "min": 15.6499,
            "med": 1757.6733,
            "max": 4215.4734
        }
    },
    "setup_data": {
        "tenantId": "f7aaecba-f434-4fd3-a2f2-86855989b687"
    },
    "root_group": {
        "path": "",
        "id": "d41d8cd98f00b204e9800998ecf8427e",
        "groups": {},
        "checks": {
                "submit 201": {
                    "name": "submit 201",
                    "path": "::submit 201",
                    "id": "f54ebc34e686695b5238e8aca2c47587",
                    "passes": 222,
                    "fails": 0
                }
            },
        "name": ""
    }
}